"时间", "平台", "定单ID", "日志类型", "价格", "数量", "消息"
2018-01-15 00:00:00,,,信息,,,波段量化交易策略启动...
2018-01-15 00:00:00,,,信息,,,开始执行主事务程序...
2018-01-15 00:00:00,,,信息,,,当前EMA交叉数 26 ，持仓量 0 ，币价 0.188402 ，价格没有上涨到卖出点，继续观察行情...
2018-01-15 00:16:00,,,信息,,,当前EMA交叉数 26 ，持仓量 0 ，币价 0.1883923 ，价格没有上涨到卖出点，继续观察行情...
2018-01-15 00:32:00,,,信息,,,当前EMA交叉数 26 ，持仓量 0 ，币价 0.1875087 ，价格没有上涨到卖出点，继续观察行情...
2018-01-15 00:48:00,,,信息,,,当前EMA交叉数 26 ，持仓量 0 ，币价 0.1882668 ，价格没有上涨到卖出点，继续观察行情...
2018-01-15 01:04:00,,,信息,,,当前EMA交叉数 27 ，持仓量 0 ，币价 0.1883815 ，价格没有上涨到卖出点，继续观察行情...
2018-01-15 01:23:00,,,信息,,,当前EMA交叉数 27 ，持仓量 0 ，币价 0.187276 ，价格没有上涨到卖出点，继续观察行情...
2018-01-15 01:48:32,,,信息,,,当前EMA交叉数 -1 ，持仓量 0 ，币价 0.18598 ，价格没有下跌到买入点，继续观察行情...
2018-01-15 02:04:00,,,信息,,,当前EMA交叉数 -2 ，持仓量 0 ，币价 0.18607 ，价格没有下跌到买入点，继续观察行情...
2018-01-15 02:23:00,,,信息,,,当前EMA交叉数 -2 ，持仓量 0 ，币价 0.1875 ，价格没有下跌到买入点，继续观察行情...
2018-01-15 02:40:00,,,信息,,,当前EMA交叉数 -2 ，持仓量 0 ，币价 0.187404 ，价格没有下跌到买入点，继续观察行情...
2018-01-15 02:57:00,,,信息,,,当前EMA交叉数 -2 ，持仓量 0 ，币价 0.186952 ，价格没有下跌到买入点，继续观察行情...
2018-01-15 03:18:32,,,信息,,,当前EMA交叉数 -3 ，持仓量 0 ，币价 0.186642 ，价格没有下跌到买入点，继续观察行情...
2018-01-15 03:34:00,,,信息,,,当前EMA交叉数 -3 ，持仓量 0 ，币价 0.1871135 ，价格没有下跌到买入点，继续观察行情...
2018-01-15 03:53:00,,,信息,,,当前EMA交叉数 -3 ，持仓量 0 ，币价 0.186628 ，价格没有下跌到买入点，继续观察行情...
2018-01-15 04:10:00,,,信息,,,当前EMA交叉数 -4 ，持仓量 0 ，币价 0.1868153 ，价格没有下跌到买入点，继续观察行情...
2018-01-15 04:27:00,,,信息,,,当前EMA交叉数 -4 ，持仓量 0 ，币价 0.1874525 ，价格没有下跌到买入点，继续观察行情...
2018-01-15 04:46:00,,,信息,,,当前EMA交叉数 -4 ，持仓量 0 ，币价 0.187256 ，价格没有下跌到买入点，继续观察行情...
2018-01-15 05:11:27,,,信息,,,当前EMA交叉数 -5 ，持仓量 0 ，币价 0.18765 ，价格没有下跌到买入点，继续观察行情...
2018-01-15 05:29:00,,,信息,,,当前EMA交叉数 -5 ，持仓量 0 ，币价 0.185981 ，价格没有下跌到买入点，继续观察行情...
2018-01-15 05:46:00,,,信息,,,当前EMA交叉数 -5 ，持仓量 0 ，币价 0.185544 ，价格没有下跌到买入点，继续观察行情...
2018-01-15 06:02:00,,,信息,,,当前EMA交叉数 -6 ，持仓量 0 ，币价 0.1864155 ，价格没有下跌到买入点，继续观察行情...
2018-01-15 06:18:00,,,信息,,,当前EMA交叉数 -6 ，持仓量 0 ，币价 0.1858068 ，价格没有下跌到买入点，继续观察行情...
2018-01-15 06:48:32,,,信息,,,当前EMA交叉数 -6 ，持仓量 0 ，币价 0.186771 ，价格没有下跌到买入点，继续观察行情...
2018-01-15 07:04:00,,,信息,,,当前EMA交叉数 -7 ，持仓量 0 ，币价 0.185964 ，价格没有下跌到买入点，继续观察行情...
2018-01-15 07:23:00,,,信息,,,当前EMA交叉数 -7 ，持仓量 0 ，币价 0.184832 ，价格没有下跌到买入点，继续观察行情...
2018-01-15 07:40:00,,,信息,,,当前EMA交叉数 -7 ，持仓量 0 ，币价 0.184924 ，价格没有下跌到买入点，继续观察行情...
2018-01-15 07:57:00,,,信息,,,当前EMA交叉数 -7 ，持仓量 0 ，币价 0.1846035 ，价格没有下跌到买入点，继续观察行情...
2018-01-15 08:16:00,,,信息,,,当前EMA交叉数 -8 ，持仓量 0 ，币价 0.1848973 ，价格没有下跌到买入点，继续观察行情...
2018-01-15 08:32:00,,,信息,,,当前EMA交叉数 -8 ，持仓量 0 ，币价 0.1852405 ，价格没有下跌到买入点，继续观察行情...
2018-01-15 08:48:00,,,信息,,,当前EMA交叉数 -8 ，持仓量 0 ，币价 0.1848454 ，价格没有下跌到买入点，继续观察行情...
2018-01-15 09:04:00,,,信息,,,当前EMA交叉数 -9 ，持仓量 0 ，币价 0.185161 ，价格没有下跌到买入点，继续观察行情...
2018-01-15 09:23:00,,,信息,,,当前EMA交叉数 -9 ，持仓量 0 ，币价 0.184609 ，价格没有下跌到买入点，继续观察行情...
2018-01-15 09:41:27,,,信息,,,当前EMA交叉数 -9 ，持仓量 0 ，币价 0.185393 ，价格没有下跌到买入点，继续观察行情...
2018-01-15 09:59:00,,,信息,,,当前EMA交叉数 -9 ，持仓量 0 ，币价 0.1838 ，价格没有下跌到买入点，继续观察行情...
2018-01-15 10:16:00,,,信息,,,当前EMA交叉数 -10 ，持仓量 0 ，币价 0.1843813 ，价格没有下跌到买入点，继续观察行情...
2018-01-15 10:32:00,,,信息,,,当前EMA交叉数 -10 ，持仓量 0 ，币价 0.1840712 ，价格没有下跌到买入点，继续观察行情...
2018-01-15 10:48:00,,,信息,,,当前EMA交叉数 -10 ，持仓量 0 ，币价 0.1844802 ，价格没有下跌到买入点，继续观察行情...
2018-01-15 11:04:00,,,信息,,,当前EMA交叉数 -11 ，持仓量 0 ，币价 0.1843825 ，价格没有下跌到买入点，继续观察行情...
2018-01-15 11:23:00,,,信息,,,当前EMA交叉数 -11 ，持仓量 0 ，币价 0.185219 ，价格没有下跌到买入点，继续观察行情...
2018-01-15 11:41:27,,,信息,,,当前EMA交叉数 -11 ，持仓量 0 ，币价 0.184877 ，价格没有下跌到买入点，继续观察行情...
2018-01-15 11:59:00,,,信息,,,当前EMA交叉数 -11 ，持仓量 0 ，币价 0.183516 ，价格没有下跌到买入点，继续观察行情...
2018-01-15 12:16:00,,,信息,,,当前EMA交叉数 -12 ，持仓量 0 ，币价 0.1844616 ，价格没有下跌到买入点，继续观察行情...
2018-01-15 12:32:00,,,信息,,,当前EMA交叉数 -12 ，持仓量 0 ，币价 0.1849487 ，价格没有下跌到买入点，继续观察行情...
2018-01-15 12:48:00,,,信息,,,当前EMA交叉数 -12 ，持仓量 0 ，币价 0.1843312 ，价格没有下跌到买入点，继续观察行情...
2018-01-15 13:04:00,,,信息,,,当前EMA交叉数 -13 ，持仓量 0 ，币价 0.183892 ，价格没有下跌到买入点，继续观察行情...
2018-01-15 13:23:00,,,信息,,,当前EMA交叉数 -13 ，持仓量 0 ，币价 0.184698 ，价格没有下跌到买入点，继续观察行情...
2018-01-15 13:40:00,,,信息,,,当前EMA交叉数 -13 ，持仓量 0 ，币价 0.184457 ，价格没有下跌到买入点，继续观察行情...
2018-01-15 13:57:00,,,信息,,,当前EMA交叉数 -13 ，持仓量 0 ，币价 0.184035 ，价格没有下跌到买入点，继续观察行情...
2018-01-15 14:16:00,,,信息,,,当前EMA交叉数 -14 ，持仓量 0 ，币价 0.183377 ，价格没有下跌到买入点，继续观察行情...
2018-01-15 14:48:32,,,信息,,,当前EMA交叉数 -14 ，持仓量 0 ，币价 0.184528 ，价格没有下跌到买入点，继续观察行情...
2018-01-15 15:04:00,,,信息,,,当前EMA交叉数 -15 ，持仓量 0 ，币价 0.183726 ，价格没有下跌到买入点，继续观察行情...
2018-01-15 15:23:00,,,信息,,,当前EMA交叉数 -15 ，持仓量 0 ，币价 0.184874 ，价格没有下跌到买入点，继续观察行情...
2018-01-15 15:40:00,,,信息,,,当前EMA交叉数 -15 ，持仓量 0 ，币价 0.1835543 ，价格没有下跌到买入点，继续观察行情...
2018-01-15 15:57:00,,,信息,,,当前EMA交叉数 -15 ，持仓量 0 ，币价 0.182412 ，价格没有下跌到买入点，继续观察行情...
2018-01-15 16:16:00,,,信息,,,当前EMA交叉数 -16 ，持仓量 0 ，币价 0.1832283 ，价格没有下跌到买入点，继续观察行情...
2018-01-15 16:32:00,,,信息,,,当前EMA交叉数 -16 ，持仓量 0 ，币价 0.1831197 ，价格没有下跌到买入点，继续观察行情...
2018-01-15 16:48:00,,,信息,,,当前EMA交叉数 -16 ，持仓量 0 ，币价 0.1813222 ，价格没有下跌到买入点，继续观察行情...
2018-01-15 17:04:00,,,信息,,,当前EMA交叉数 -17 ，持仓量 0 ，币价 0.181436 ，价格没有下跌到买入点，继续观察行情...
2018-01-15 17:23:00,,,信息,,,当前EMA交叉数 -17 ，持仓量 0 ，币价 0.180728 ，价格没有下跌到买入点，继续观察行情...
2018-01-15 17:40:00,,,信息,,,当前EMA交叉数 -17 ，持仓量 0 ，币价 0.180776 ，价格没有下跌到买入点，继续观察行情...
2018-01-15 17:57:00,,,信息,,,当前EMA交叉数 -17 ，持仓量 0 ，币价 0.17984 ，价格没有下跌到买入点，继续观察行情...
2018-01-15 18:16:00,,,信息,,,当前EMA交叉数 -18 ，持仓量 0 ，币价 0.177446 ，价格没有下跌到买入点，继续观察行情...
2018-01-15 18:32:00,,,信息,,,当前EMA交叉数 -18 ，持仓量 0 ，币价 0.1781875 ，价格没有下跌到买入点，继续观察行情...
2018-01-15 18:48:00,,,信息,,,当前EMA交叉数 -18 ，持仓量 0 ，币价 0.1751016 ，价格没有下跌到买入点，继续观察行情...
2018-01-15 19:04:00,,,信息,,,当前EMA交叉数 -19 ，持仓量 0 ，币价 0.1762605 ，价格没有下跌到买入点，继续观察行情...
2018-01-15 19:23:00,,,信息,,,当前EMA交叉数 -19 ，持仓量 0 ，币价 0.1588 ，价格没有下跌到买入点，继续观察行情...
2018-01-15 19:40:00,,,信息,,,准备以大约 0.1491047 的市价买入约 13.391931977999352 个币，当前账户余额为： 50 。
2018-01-15 19:40:00,Huobi,1,买入,市价,1.9968,
2018-01-15 19:40:00,,,信息,,,订单发送成功，订单编号： 1
2018-01-15 19:42:00,,,信息,,,订单 1 买入交易已经成功!成交均价： 0.1491047 ，挂单买入： 1.9968 ，买到数量： 13.3651
2018-01-15 19:42:00,,,信息,,,当前买入后可有币数 13.3651 ，持币均价 0.149403 ，持币成本 1.996785
2018-01-15 19:42:00,,,信息,,,当前EMA交叉数 -19 ，持仓量 13.3651 ，币价 0.1540151 ，价格没有下跌到买入点，继续观察行情...
2018-01-15 19:46:00,,,信息,,,准备以大约 0.1245524 的市价买入约 32.06361338681551 个币，当前账户余额为： 48.00321517 。
2018-01-15 19:46:00,Huobi,2,买入,市价,3.9936,
2018-01-15 19:46:00,,,信息,,,订单发送成功，订单编号： 2
2018-01-15 19:48:00,,,信息,,,订单 2 买入交易已经成功!成交均价： 0.1245524 ，挂单买入： 3.9936 ，买到数量： 31.9994
2018-01-15 19:48:00,,,信息,,,当前买入后可有币数 45.3645 ，持币均价 0.132049 ，持币成本 5.990359
2018-01-15 19:53:00,,,信息,,,准备以大约 0.1000001 的市价买入约 59.90394009605991 个币，当前账户余额为： 44.0096419 。
2018-01-15 19:53:00,Huobi,3,买入,市价,5.9904,
2018-01-15 19:53:00,,,信息,,,订单发送成功，订单编号： 3
2018-01-15 19:55:00,,,信息,,,订单 3 买入交易已经成功!成交均价： 0.1000001 ，挂单买入： 5.9904 ，买到数量： 59.784
2018-01-15 19:55:00,,,信息,,,当前买入后可有币数 105.1485 ，持币均价 0.113941 ，持币成本 11.9807
2018-01-15 19:55:00,,,信息,,,死叉内短线浮盈，对现有止盈获得头寸。
2018-01-15 19:55:00,,,信息,,,准备以大约 0.1462711 的市价卖出 16.4319 个币，当前可用币数 105.1485
2018-01-15 19:55:00,Huobi,4,卖出,市价,16.4319,
2018-01-15 19:55:00,,,信息,,,订单发送成功，订单编号： 4
2018-01-15 19:57:00,,,收益,0.526438,,
2018-01-15 19:57:00,,,信息,,,订单 4 交易成功!平均卖出价格： 0.1462711 ，平均持仓价格： 0.113941 ，卖出数量： 16.4319 ，毛收盈： 0.526438 ，累计毛收盈： 0.526438
2018-01-15 19:59:00,,,信息,,,死叉内短线浮盈，对现有止盈获得头寸。
2018-01-15 19:59:00,,,信息,,,准备以大约 0.1616949 的市价卖出 36.3292 个币，当前可用币数 88.7166
2018-01-15 19:59:00,Huobi,5,卖出,市价,36.3292,
2018-01-15 19:59:00,,,信息,,,订单发送成功，订单编号： 5
2018-01-15 20:00:00,,,收益,2.24955,,
2018-01-15 20:00:00,,,信息,,,订单 5 交易成功!平均卖出价格： 0.1616949 ，平均持仓价格： 0.113941 ，卖出数量： 36.3292 ，毛收盈： 1.723112 ，累计毛收盈： 2.24955
2018-01-15 20:00:00,,,信息,,,当前EMA交叉数 -20 ，持仓量 52.3874 ，币价 0.161695 ，价格没有下跌到买入点，继续观察行情...
2018-01-15 20:16:00,,,信息,,,当前EMA交叉数 -20 ，持仓量 52.3874 ，币价 0.1678746 ，价格没有下跌到买入点，继续观察行情...
2018-01-15 20:27:00,,,信息,,,死叉内短线浮盈，对现有止盈获得头寸。
2018-01-15 20:27:00,,,信息,,,准备以大约 0.1720309 的市价卖出 52.3874 个币，当前可用币数 52.3874
2018-01-15 20:27:00,Huobi,6,卖出,市价,52.3874,
2018-01-15 20:27:00,,,信息,,,订单发送成功，订单编号： 6
2018-01-15 20:29:00,,,收益,5.274704,,
2018-01-15 20:29:00,,,信息,,,订单 6 交易成功!平均卖出价格： 0.1720309 ，平均持仓价格： 0.113941 ，卖出数量： 52.3874 ，毛收盈： 3.025154 ，累计毛收盈： 5.274704
2018-01-15 20:32:00,,,信息,,,当前EMA交叉数 -20 ，持仓量 0 ，币价 0.1707917 ，价格没有下跌到买入点，继续观察行情...
2018-01-15 20:48:00,,,信息,,,当前EMA交叉数 -20 ，持仓量 0 ，币价 0.1659658 ，价格没有下跌到买入点，继续观察行情...
2018-01-15 21:04:00,,,信息,,,当前EMA交叉数 -21 ，持仓量 0 ，币价 0.1694185 ，价格没有下跌到买入点，继续观察行情...
2018-01-15 21:23:00,,,信息,,,当前EMA交叉数 -21 ，持仓量 0 ，币价 0.171995 ，价格没有下跌到买入点，继续观察行情...
2018-01-15 21:40:00,,,信息,,,当前EMA交叉数 -21 ，持仓量 0 ，币价 0.1699816 ，价格没有下跌到买入点，继续观察行情...
2018-01-15 21:57:00,,,信息,,,当前EMA交叉数 -21 ，持仓量 0 ，币价 0.173743 ，价格没有下跌到买入点，继续观察行情...
2018-01-15 22:16:00,,,信息,,,当前EMA交叉数 -22 ，持仓量 0 ，币价 0.1728086 ，价格没有下跌到买入点，继续观察行情...
2018-01-15 22:32:00,,,信息,,,当前EMA交叉数 -22 ，持仓量 0 ，币价 0.17209 ，价格没有下跌到买入点，继续观察行情...
2018-01-15 22:48:00,,,信息,,,当前EMA交叉数 -22 ，持仓量 0 ，币价 0.1725406 ，价格没有下跌到买入点，继续观察行情...
2018-01-15 23:04:00,,,信息,,,当前EMA交叉数 -23 ，持仓量 0 ，币价 0.172274 ，价格没有下跌到买入点，继续观察行情...
2018-01-15 23:23:00,,,信息,,,当前EMA交叉数 -23 ，持仓量 0 ，币价 0.17308 ，价格没有下跌到买入点，继续观察行情...
2018-01-15 23:40:00,,,信息,,,当前EMA交叉数 -23 ，持仓量 0 ，币价 0.173113 ，价格没有下跌到买入点，继续观察行情...
2018-01-15 23:57:00,,,信息,,,当前EMA交叉数 -23 ，持仓量 0 ，币价 0.173612 ，价格没有下跌到买入点，继续观察行情...
2018-01-16 00:16:00,,,信息,,,当前EMA交叉数 -24 ，持仓量 0 ，币价 0.1735806 ，价格没有下跌到买入点，继续观察行情...
2018-01-16 00:32:00,,,信息,,,当前EMA交叉数 -24 ，持仓量 0 ，币价 0.1738007 ，价格没有下跌到买入点，继续观察行情...
2018-01-16 00:48:00,,,信息,,,当前EMA交叉数 -24 ，持仓量 0 ，币价 0.17325 ，价格没有下跌到买入点，继续观察行情...
2018-01-16 01:18:32,,,信息,,,当前EMA交叉数 -25 ，持仓量 0 ，币价 0.174561 ，价格没有下跌到买入点，继续观察行情...
2018-01-16 01:34:00,,,信息,,,当前EMA交叉数 -25 ，持仓量 0 ，币价 0.1745595 ，价格没有下跌到买入点，继续观察行情...
2018-01-16 01:53:00,,,信息,,,当前EMA交叉数 -25 ，持仓量 0 ，币价 0.177513 ，价格没有下跌到买入点，继续观察行情...
2018-01-16 02:10:00,,,信息,,,当前EMA交叉数 -26 ，持仓量 0 ，币价 0.1761236 ，价格没有下跌到买入点，继续观察行情...
2018-01-16 02:27:00,,,信息,,,当前EMA交叉数 -26 ，持仓量 0 ，币价 0.175735 ，价格没有下跌到买入点，继续观察行情...
2018-01-16 02:46:00,,,信息,,,当前EMA交叉数 -26 ，持仓量 0 ，币价 0.175846 ，价格没有下跌到买入点，继续观察行情...
2018-01-16 03:02:00,,,信息,,,当前EMA交叉数 -27 ，持仓量 0 ，币价 0.1760755 ，价格没有下跌到买入点，继续观察行情...
2018-01-16 03:18:00,,,信息,,,当前EMA交叉数 -27 ，持仓量 0 ，币价 0.1754246 ，价格没有下跌到买入点，继续观察行情...
2018-01-16 03:34:00,,,信息,,,当前EMA交叉数 -27 ，持仓量 0 ，币价 0.1755525 ，价格没有下跌到买入点，继续观察行情...
2018-01-16 03:53:00,,,信息,,,当前EMA交叉数 -27 ，持仓量 0 ，币价 0.174875 ，价格没有下跌到买入点，继续观察行情...
2018-01-16 04:18:32,,,信息,,,当前EMA交叉数 -28 ，持仓量 0 ，币价 0.176144 ，价格没有下跌到买入点，继续观察行情...
2018-01-16 04:34:00,,,信息,,,当前EMA交叉数 -28 ，持仓量 0 ，币价 0.1760305 ，价格没有下跌到买入点，继续观察行情...
2018-01-16 04:53:00,,,信息,,,当前EMA交叉数 -28 ，持仓量 0 ，币价 0.175446 ，价格没有下跌到买入点，继续观察行情...
2018-01-16 05:10:00,,,信息,,,当前EMA交叉数 -29 ，持仓量 0 ，币价 0.1756833 ，价格没有下跌到买入点，继续观察行情...
2018-01-16 05:27:00,,,信息,,,当前EMA交叉数 -29 ，持仓量 0 ，币价 0.1763105 ，价格没有下跌到买入点，继续观察行情...
2018-01-16 05:46:00,,,信息,,,当前EMA交叉数 -29 ，持仓量 0 ，币价 0.176811 ，价格没有下跌到买入点，继续观察行情...
2018-01-16 06:18:32,,,信息,,,当前EMA交叉数 -30 ，持仓量 0 ，币价 0.176163 ，价格没有下跌到买入点，继续观察行情...
2018-01-16 06:48:32,,,信息,,,当前EMA交叉数 -30 ，持仓量 0 ，币价 0.178345 ，价格没有下跌到买入点，继续观察行情...
2018-01-16 07:18:32,,,信息,,,当前EMA交叉数 -31 ，持仓量 0 ，币价 0.175492 ，价格没有下跌到买入点，继续观察行情...
2018-01-16 07:34:00,,,信息,,,当前EMA交叉数 -31 ，持仓量 0 ，币价 0.1761135 ，价格没有下跌到买入点，继续观察行情...
2018-01-16 07:53:00,,,信息,,,当前EMA交叉数 -31 ，持仓量 0 ，币价 0.174997 ，价格没有下跌到买入点，继续观察行情...
2018-01-16 08:10:00,,,信息,,,当前EMA交叉数 -32 ，持仓量 0 ，币价 0.1750526 ，价格没有下跌到买入点，继续观察行情...
2018-01-16 08:27:00,,,信息,,,当前EMA交叉数 -32 ，持仓量 0 ，币价 0.175959 ，价格没有下跌到买入点，继续观察行情...
2018-01-16 08:46:00,,,信息,,,当前EMA交叉数 -32 ，持仓量 0 ，币价 0.17564 ，价格没有下跌到买入点，继续观察行情...
2018-01-16 09:11:27,,,信息,,,当前EMA交叉数 -33 ，持仓量 0 ，币价 0.176285 ，价格没有下跌到买入点，继续观察行情...
2018-01-16 09:29:00,,,信息,,,当前EMA交叉数 -33 ，持仓量 0 ，币价 0.1718 ，价格没有下跌到买入点，继续观察行情...
2018-01-16 09:59:00,,,信息,,,当前EMA交叉数 -33 ，持仓量 0 ，币价 0.172 ，价格没有下跌到买入点，继续观察行情...
2018-01-16 10:16:00,,,信息,,,当前EMA交叉数 -34 ，持仓量 0 ，币价 0.1708006 ，价格没有下跌到买入点，继续观察行情...
2018-01-16 10:41:27,,,信息,,,当前EMA交叉数 -34 ，持仓量 0 ，币价 0.171122 ，价格没有下跌到买入点，继续观察行情...
2018-01-16 10:59:00,,,信息,,,当前EMA交叉数 -34 ，持仓量 0 ，币价 0.1741 ，价格没有下跌到买入点，继续观察行情...
2018-01-16 11:16:00,,,信息,,,当前EMA交叉数 -35 ，持仓量 0 ，币价 0.176157 ，价格没有下跌到买入点，继续观察行情...
2018-01-16 11:32:00,,,信息,,,当前EMA交叉数 -35 ，持仓量 0 ，币价 0.177195 ，价格没有下跌到买入点，继续观察行情...
2018-01-16 11:48:00,,,信息,,,当前EMA交叉数 -35 ，持仓量 0 ，币价 0.1766336 ，价格没有下跌到买入点，继续观察行情...
2018-01-16 12:04:00,,,信息,,,当前EMA交叉数 -36 ，持仓量 0 ，币价 0.1764825 ，价格没有下跌到买入点，继续观察行情...
2018-01-16 12:23:00,,,信息,,,当前EMA交叉数 -36 ，持仓量 0 ，币价 0.172939 ，价格没有下跌到买入点，继续观察行情...
2018-01-16 12:40:00,,,信息,,,当前EMA交叉数 -36 ，持仓量 0 ，币价 0.174242 ，价格没有下跌到买入点，继续观察行情...
2018-01-16 12:57:00,,,信息,,,当前EMA交叉数 -36 ，持仓量 0 ，币价 0.175631 ，价格没有下跌到买入点，继续观察行情...
2018-01-16 13:16:00,,,信息,,,当前EMA交叉数 -37 ，持仓量 0 ，币价 0.1740086 ，价格没有下跌到买入点，继续观察行情...
2018-01-16 13:48:32,,,信息,,,当前EMA交叉数 -37 ，持仓量 0 ，币价 0.173 ，价格没有下跌到买入点，继续观察行情...
2018-01-16 14:04:00,,,信息,,,当前EMA交叉数 -38 ，持仓量 0 ，币价 0.1731755 ，价格没有下跌到买入点，继续观察行情...
2018-01-16 14:23:00,,,信息,,,当前EMA交叉数 -38 ，持仓量 0 ，币价 0.171341 ，价格没有下跌到买入点，继续观察行情...
2018-01-16 14:40:00,,,信息,,,当前EMA交叉数 -38 ，持仓量 0 ，币价 0.1716066 ，价格没有下跌到买入点，继续观察行情...
2018-01-16 14:57:00,,,信息,,,当前EMA交叉数 -38 ，持仓量 0 ，币价 0.1729365 ，价格没有下跌到买入点，继续观察行情...
2018-01-16 15:16:00,,,信息,,,当前EMA交叉数 -39 ，持仓量 0 ，币价 0.1732106 ，价格没有下跌到买入点，继续观察行情...
2018-01-16 15:32:00,,,信息,,,当前EMA交叉数 -39 ，持仓量 0 ，币价 0.1735722 ，价格没有下跌到买入点，继续观察行情...
2018-01-16 15:48:00,,,信息,,,当前EMA交叉数 -39 ，持仓量 0 ，币价 0.1702902 ，价格没有下跌到买入点，继续观察行情...
2018-01-16 16:04:00,,,信息,,,当前EMA交叉数 -40 ，持仓量 0 ，币价 0.1690785 ，价格没有下跌到买入点，继续观察行情...
2018-01-16 16:23:00,,,信息,,,当前EMA交叉数 -40 ，持仓量 0 ，币价 0.161659 ，价格没有下跌到买入点，继续观察行情...
2018-01-16 16:40:00,,,信息,,,当前EMA交叉数 -40 ，持仓量 0 ，币价 0.1583306 ，价格没有下跌到买入点，继续观察行情...
2018-01-16 16:57:00,,,信息,,,当前EMA交叉数 -40 ，持仓量 0 ，币价 0.163893 ，价格没有下跌到买入点，继续观察行情...
2018-01-16 17:16:00,,,信息,,,当前EMA交叉数 -41 ，持仓量 0 ，币价 0.1596666 ，价格没有下跌到买入点，继续观察行情...
2018-01-16 17:32:00,,,信息,,,当前EMA交叉数 -41 ，持仓量 0 ，币价 0.1648092 ，价格没有下跌到买入点，继续观察行情...
2018-01-16 17:48:00,,,信息,,,当前EMA交叉数 -41 ，持仓量 0 ，币价 0.1611266 ，价格没有下跌到买入点，继续观察行情...
2018-01-16 18:04:00,,,信息,,,当前EMA交叉数 -42 ，持仓量 0 ，币价 0.16129 ，价格没有下跌到买入点，继续观察行情...
2018-01-16 18:23:00,,,信息,,,当前EMA交叉数 -42 ，持仓量 0 ，币价 0.16369 ，价格没有下跌到买入点，继续观察行情...
2018-01-16 18:40:00,,,信息,,,当前EMA交叉数 -42 ，持仓量 0 ，币价 0.1627806 ，价格没有下跌到买入点，继续观察行情...
2018-01-16 18:57:00,,,信息,,,当前EMA交叉数 -42 ，持仓量 0 ，币价 0.161688 ，价格没有下跌到买入点，继续观察行情...
2018-01-16 19:16:00,,,信息,,,当前EMA交叉数 -43 ，持仓量 0 ，币价 0.1650316 ，价格没有下跌到买入点，继续观察行情...
2018-01-16 19:48:32,,,信息,,,当前EMA交叉数 -43 ，持仓量 0 ，币价 0.166609 ，价格没有下跌到买入点，继续观察行情...
2018-01-16 20:04:00,,,信息,,,当前EMA交叉数 -44 ，持仓量 0 ，币价 0.16477 ，价格没有下跌到买入点，继续观察行情...
2018-01-16 20:23:00,,,信息,,,当前EMA交叉数 -44 ，持仓量 0 ，币价 0.166015 ，价格没有下跌到买入点，继续观察行情...
2018-01-16 20:40:00,,,信息,,,当前EMA交叉数 -44 ，持仓量 0 ，币价 0.165835 ，价格没有下跌到买入点，继续观察行情...
2018-01-16 20:57:00,,,信息,,,当前EMA交叉数 -44 ，持仓量 0 ，币价 0.164812 ，价格没有下跌到买入点，继续观察行情...
2018-01-16 21:29:00,,,信息,,,当前EMA交叉数 -45 ，持仓量 0 ，币价 0.166457 ，价格没有下跌到买入点，继续观察行情...
2018-01-16 21:46:00,,,信息,,,当前EMA交叉数 -45 ，持仓量 0 ，币价 0.1634976 ，价格没有下跌到买入点，继续观察行情...
2018-01-16 22:02:00,,,信息,,,当前EMA交叉数 -46 ，持仓量 0 ，币价 0.161671 ，价格没有下跌到买入点，继续观察行情...
2018-01-16 22:18:00,,,信息,,,当前EMA交叉数 -46 ，持仓量 0 ，币价 0.1633674 ，价格没有下跌到买入点，继续观察行情...
2018-01-16 22:34:00,,,信息,,,当前EMA交叉数 -46 ，持仓量 0 ，币价 0.1646705 ，价格没有下跌到买入点，继续观察行情...
2018-01-16 22:53:00,,,信息,,,当前EMA交叉数 -46 ，持仓量 0 ，币价 0.163201 ，价格没有下跌到买入点，继续观察行情...
2018-01-16 23:18:32,,,信息,,,当前EMA交叉数 -47 ，持仓量 0 ，币价 0.166194 ，价格没有下跌到买入点，继续观察行情...
2018-01-16 23:48:32,,,信息,,,当前EMA交叉数 -47 ，持仓量 0 ，币价 0.167553 ，价格没有下跌到买入点，继续观察行情...
2018-01-17 00:04:00,,,信息,,,当前EMA交叉数 -48 ，持仓量 0 ，币价 0.1672155 ，价格没有下跌到买入点，继续观察行情...
2018-01-17 00:23:00,,,信息,,,当前EMA交叉数 -48 ，持仓量 0 ，币价 0.168352 ，价格没有下跌到买入点，继续观察行情...
2018-01-17 00:40:00,,,信息,,,当前EMA交叉数 -48 ，持仓量 0 ，币价 0.1684526 ，价格没有下跌到买入点，继续观察行情...
2018-01-17 00:57:00,,,信息,,,当前EMA交叉数 -48 ，持仓量 0 ，币价 0.169529 ，价格没有下跌到买入点，继续观察行情...
2018-01-17 01:16:00,,,信息,,,当前EMA交叉数 -49 ，持仓量 0 ，币价 0.1678063 ，价格没有下跌到买入点，继续观察行情...
2018-01-17 01:48:32,,,信息,,,当前EMA交叉数 -49 ，持仓量 0 ，币价 0.166582 ，价格没有下跌到买入点，继续观察行情...
2018-01-17 02:18:32,,,信息,,,当前EMA交叉数 -50 ，持仓量 0 ，币价 0.163566 ，价格没有下跌到买入点，继续观察行情...
2018-01-17 02:34:00,,,信息,,,当前EMA交叉数 -50 ，持仓量 0 ，币价 0.1652205 ，价格没有下跌到买入点，继续观察行情...
2018-01-17 02:53:00,,,信息,,,当前EMA交叉数 -50 ，持仓量 0 ，币价 0.163754 ，价格没有下跌到买入点，继续观察行情...
2018-01-17 03:10:00,,,信息,,,当前EMA交叉数 -51 ，持仓量 0 ，币价 0.164148 ，价格没有下跌到买入点，继续观察行情...
2018-01-17 03:27:00,,,信息,,,当前EMA交叉数 -51 ，持仓量 0 ，币价 0.1636755 ，价格没有下跌到买入点，继续观察行情...
2018-01-17 03:59:00,,,信息,,,当前EMA交叉数 -51 ，持仓量 0 ，币价 0.165248 ，价格没有下跌到买入点，继续观察行情...
2018-01-17 04:16:00,,,信息,,,当前EMA交叉数 -52 ，持仓量 0 ，币价 0.166554 ，价格没有下跌到买入点，继续观察行情...
2018-01-17 04:48:32,,,信息,,,当前EMA交叉数 -52 ，持仓量 0 ，币价 0.163367 ，价格没有下跌到买入点，继续观察行情...
2018-01-17 05:11:27,,,信息,,,当前EMA交叉数 -53 ，持仓量 0 ，币价 0.165693 ，价格没有下跌到买入点，继续观察行情...
2018-01-17 05:29:00,,,信息,,,当前EMA交叉数 -53 ，持仓量 0 ，币价 0.16012 ，价格没有下跌到买入点，继续观察行情...
2018-01-17 05:46:00,,,信息,,,当前EMA交叉数 -53 ，持仓量 0 ，币价 0.1588106 ，价格没有下跌到买入点，继续观察行情...
2018-01-17 06:18:32,,,信息,,,当前EMA交叉数 -54 ，持仓量 0 ，币价 0.152253 ，价格没有下跌到买入点，继续观察行情...
2018-01-17 06:34:00,,,信息,,,当前EMA交叉数 -54 ，持仓量 0 ，币价 0.152016 ，价格没有下跌到买入点，继续观察行情...
2018-01-17 06:53:00,,,信息,,,当前EMA交叉数 -54 ，持仓量 0 ，币价 0.153509 ，价格没有下跌到买入点，继续观察行情...
2018-01-17 07:10:00,,,信息,,,当前EMA交叉数 -55 ，持仓量 0 ，币价 0.1533643 ，价格没有下跌到买入点，继续观察行情...
2018-01-17 07:27:00,,,信息,,,当前EMA交叉数 -55 ，持仓量 0 ，币价 0.1543415 ，价格没有下跌到买入点，继续观察行情...
2018-01-17 07:46:00,,,信息,,,当前EMA交叉数 -55 ，持仓量 0 ，币价 0.1548196 ，价格没有下跌到买入点，继续观察行情...
2018-01-17 08:02:00,,,信息,,,当前EMA交叉数 -56 ，持仓量 0 ，币价 0.1544067 ，价格没有下跌到买入点，继续观察行情...
2018-01-17 08:18:00,,,信息,,,当前EMA交叉数 -56 ，持仓量 0 ，币价 0.158522 ，价格没有下跌到买入点，继续观察行情...
2018-01-17 08:34:00,,,信息,,,当前EMA交叉数 -56 ，持仓量 0 ，币价 0.1601745 ，价格没有下跌到买入点，继续观察行情...
2018-01-17 08:53:00,,,信息,,,当前EMA交叉数 -56 ，持仓量 0 ，币价 0.157556 ，价格没有下跌到买入点，继续观察行情...
2018-01-17 09:10:00,,,信息,,,当前EMA交叉数 -57 ，持仓量 0 ，币价 0.157084 ，价格没有下跌到买入点，继续观察行情...
2018-01-17 09:27:00,,,信息,,,当前EMA交叉数 -57 ，持仓量 0 ，币价 0.1582225 ，价格没有下跌到买入点，继续观察行情...
2018-01-17 09:46:00,,,信息,,,当前EMA交叉数 -57 ，持仓量 0 ，币价 0.1597726 ，价格没有下跌到买入点，继续观察行情...
2018-01-17 10:02:00,,,信息,,,当前EMA交叉数 -58 ，持仓量 0 ，币价 0.15949 ，价格没有下跌到买入点，继续观察行情...
2018-01-17 10:18:00,,,信息,,,当前EMA交叉数 -58 ，持仓量 0 ，币价 0.1580714 ，价格没有下跌到买入点，继续观察行情...
2018-01-17 10:34:00,,,信息,,,当前EMA交叉数 -58 ，持仓量 0 ，币价 0.158252 ，价格没有下跌到买入点，继续观察行情...
2018-01-17 10:53:00,,,信息,,,当前EMA交叉数 -58 ，持仓量 0 ，币价 0.15468 ，价格没有下跌到买入点，继续观察行情...
2018-01-17 11:10:00,,,信息,,,当前EMA交叉数 -59 ，持仓量 0 ，币价 0.1560156 ，价格没有下跌到买入点，继续观察行情...
2018-01-17 11:27:00,,,信息,,,当前EMA交叉数 -59 ，持仓量 0 ，币价 0.154209 ，价格没有下跌到买入点，继续观察行情...
2018-01-17 11:46:00,,,信息,,,当前EMA交叉数 -59 ，持仓量 0 ，币价 0.1556896 ，价格没有下跌到买入点，继续观察行情...
2018-01-17 12:02:00,,,信息,,,当前EMA交叉数 -60 ，持仓量 0 ，币价 0.154546 ，价格没有下跌到买入点，继续观察行情...
2018-01-17 12:18:00,,,信息,,,当前EMA交叉数 -60 ，持仓量 0 ，币价 0.1555176 ，价格没有下跌到买入点，继续观察行情...
2018-01-17 12:34:00,,,信息,,,当前EMA交叉数 -60 ，持仓量 0 ，币价 0.155354 ，价格没有下跌到买入点，继续观察行情...
2018-01-17 12:53:00,,,信息,,,当前EMA交叉数 -60 ，持仓量 0 ，币价 0.154276 ，价格没有下跌到买入点，继续观察行情...
2018-01-17 13:10:00,,,信息,,,当前EMA交叉数 -61 ，持仓量 0 ，币价 0.15528 ，价格没有下跌到买入点，继续观察行情...
2018-01-17 13:27:00,,,信息,,,当前EMA交叉数 -61 ，持仓量 0 ，币价 0.1541725 ，价格没有下跌到买入点，继续观察行情...
2018-01-17 13:46:00,,,信息,,,当前EMA交叉数 -61 ，持仓量 0 ，币价 0.1552453 ，价格没有下跌到买入点，继续观察行情...
2018-01-17 14:11:27,,,信息,,,当前EMA交叉数 -62 ，持仓量 0 ，币价 0.154701 ，价格没有下跌到买入点，继续观察行情...
2018-01-17 14:29:00,,,信息,,,当前EMA交叉数 -62 ，持仓量 0 ，币价 0.15831 ，价格没有下跌到买入点，继续观察行情...
2018-01-17 14:48:32,,,信息,,,当前EMA交叉数 -62 ，持仓量 0 ，币价 0.16399 ，价格没有下跌到买入点，继续观察行情...
2018-01-17 15:04:00,,,信息,,,当前EMA交叉数 -63 ，持仓量 0 ，币价 0.1615575 ，价格没有下跌到买入点，继续观察行情...
2018-01-17 15:23:00,,,信息,,,当前EMA交叉数 -63 ，持仓量 0 ，币价 0.163221 ，价格没有下跌到买入点，继续观察行情...
2018-01-17 15:40:00,,,信息,,,当前EMA交叉数 -63 ，持仓量 0 ，币价 0.1630656 ，价格没有下跌到买入点，继续观察行情...
2018-01-17 15:57:00,,,信息,,,当前EMA交叉数 -63 ，持仓量 0 ，币价 0.1649995 ，价格没有下跌到买入点，继续观察行情...
2018-01-17 16:16:00,,,信息,,,当前EMA交叉数 -64 ，持仓量 0 ，币价 0.164555 ，价格没有下跌到买入点，继续观察行情...
2018-01-17 16:32:00,,,信息,,,当前EMA交叉数 -64 ，持仓量 0 ，币价 0.1649087 ，价格没有下跌到买入点，继续观察行情...
2018-01-17 16:48:00,,,信息,,,当前EMA交叉数 -64 ，持仓量 0 ，币价 0.1636974 ，价格没有下跌到买入点，继续观察行情...
2018-01-17 17:04:00,,,信息,,,当前EMA交叉数 -65 ，持仓量 0 ，币价 0.1635775 ，价格没有下跌到买入点，继续观察行情...
2018-01-17 17:23:00,,,信息,,,当前EMA交叉数 -65 ，持仓量 0 ，币价 0.160571 ，价格没有下跌到买入点，继续观察行情...
2018-01-17 17:40:00,,,信息,,,当前EMA交叉数 -65 ，持仓量 0 ，币价 0.160679 ，价格没有下跌到买入点，继续观察行情...
2018-01-17 17:57:00,,,信息,,,当前EMA交叉数 -65 ，持仓量 0 ，币价 0.158238 ，价格没有下跌到买入点，继续观察行情...
2018-01-17 18:16:00,,,信息,,,当前EMA交叉数 -66 ，持仓量 0 ，币价 0.1577726 ，价格没有下跌到买入点，继续观察行情...
2018-01-17 18:32:00,,,信息,,,当前EMA交叉数 -66 ，持仓量 0 ，币价 0.1580432 ，价格没有下跌到买入点，继续观察行情...
2018-01-17 18:48:00,,,信息,,,当前EMA交叉数 -66 ，持仓量 0 ，币价 0.1570658 ，价格没有下跌到买入点，继续观察行情...
2018-01-17 19:04:00,,,信息,,,当前EMA交叉数 -67 ，持仓量 0 ，币价 0.156458 ，价格没有下跌到买入点，继续观察行情...
2018-01-17 19:23:00,,,信息,,,当前EMA交叉数 -67 ，持仓量 0 ，币价 0.159773 ，价格没有下跌到买入点，继续观察行情...
2018-01-17 19:40:00,,,信息,,,当前EMA交叉数 -67 ，持仓量 0 ，币价 0.158771 ，价格没有下跌到买入点，继续观察行情...
2018-01-17 19:57:00,,,信息,,,当前EMA交叉数 -67 ，持仓量 0 ，币价 0.15744 ，价格没有下跌到买入点，继续观察行情...
2018-01-17 20:16:00,,,信息,,,当前EMA交叉数 -68 ，持仓量 0 ，币价 0.1573906 ，价格没有下跌到买入点，继续观察行情...
2018-01-17 20:32:00,,,信息,,,当前EMA交叉数 -68 ，持仓量 0 ，币价 0.1573517 ，价格没有下跌到买入点，继续观察行情...
2018-01-17 20:48:00,,,信息,,,当前EMA交叉数 -68 ，持仓量 0 ，币价 0.1579872 ，价格没有下跌到买入点，继续观察行情...
2018-01-17 21:04:00,,,信息,,,当前EMA交叉数 -69 ，持仓量 0 ，币价 0.1582615 ，价格没有下跌到买入点，继续观察行情...
2018-01-17 21:23:00,,,信息,,,当前EMA交叉数 -69 ，持仓量 0 ，币价 0.155866 ，价格没有下跌到买入点，继续观察行情...
2018-01-17 21:40:00,,,信息,,,当前EMA交叉数 -69 ，持仓量 0 ，币价 0.1562066 ，价格没有下跌到买入点，继续观察行情...
2018-01-17 21:57:00,,,信息,,,当前EMA交叉数 -69 ，持仓量 0 ，币价 0.155139 ，价格没有下跌到买入点，继续观察行情...
2018-01-17 22:18:32,,,信息,,,当前EMA交叉数 -70 ，持仓量 0 ，币价 0.151471 ，价格没有下跌到买入点，继续观察行情...
2018-01-17 22:34:00,,,信息,,,当前EMA交叉数 -70 ，持仓量 0 ，币价 0.1519445 ，价格没有下跌到买入点，继续观察行情...
2018-01-17 22:53:00,,,信息,,,当前EMA交叉数 -70 ，持仓量 0 ，币价 0.148858 ，价格没有下跌到买入点，继续观察行情...
2018-01-17 23:10:00,,,信息,,,当前EMA交叉数 -71 ，持仓量 0 ，币价 0.148459 ，价格没有下跌到买入点，继续观察行情...
2018-01-17 23:27:00,,,信息,,,当前EMA交叉数 -71 ，持仓量 0 ，币价 0.146118 ，价格没有下跌到买入点，继续观察行情...
2018-01-17 23:46:00,,,信息,,,当前EMA交叉数 -71 ，持仓量 0 ，币价 0.1494153 ，价格没有下跌到买入点，继续观察行情...
2018-01-18 00:02:00,,,信息,,,当前EMA交叉数 -72 ，持仓量 0 ，币价 0.1492897 ，价格没有下跌到买入点，继续观察行情...
2018-01-18 00:18:00,,,信息,,,当前EMA交叉数 -72 ，持仓量 0 ，币价 0.151235 ，价格没有下跌到买入点，继续观察行情...
2018-01-18 00:34:00,,,信息,,,当前EMA交叉数 -72 ，持仓量 0 ，币价 0.1516025 ，价格没有下跌到买入点，继续观察行情...
2018-01-18 00:53:00,,,信息,,,当前EMA交叉数 -72 ，持仓量 0 ，币价 0.153725 ，价格没有下跌到买入点，继续观察行情...
2018-01-18 01:10:00,,,信息,,,当前EMA交叉数 -73 ，持仓量 0 ，币价 0.1539203 ，价格没有下跌到买入点，继续观察行情...
2018-01-18 01:27:00,,,信息,,,当前EMA交叉数 -73 ，持仓量 0 ，币价 0.153387 ，价格没有下跌到买入点，继续观察行情...
2018-01-18 01:46:00,,,信息,,,当前EMA交叉数 -73 ，持仓量 0 ，币价 0.1515996 ，价格没有下跌到买入点，继续观察行情...
2018-01-18 02:02:00,,,信息,,,当前EMA交叉数 -74 ，持仓量 0 ，币价 0.1532182 ，价格没有下跌到买入点，继续观察行情...
2018-01-18 02:18:00,,,信息,,,当前EMA交叉数 -74 ，持仓量 0 ，币价 0.1519306 ，价格没有下跌到买入点，继续观察行情...
2018-01-18 02:34:00,,,信息,,,当前EMA交叉数 -74 ，持仓量 0 ，币价 0.151054 ，价格没有下跌到买入点，继续观察行情...
2018-01-18 02:53:00,,,信息,,,当前EMA交叉数 -74 ，持仓量 0 ，币价 0.152168 ，价格没有下跌到买入点，继续观察行情...
2018-01-18 03:10:00,,,信息,,,当前EMA交叉数 -75 ，持仓量 0 ，币价 0.1517343 ，价格没有下跌到买入点，继续观察行情...
2018-01-18 03:27:00,,,信息,,,当前EMA交叉数 -75 ，持仓量 0 ，币价 0.150872 ，价格没有下跌到买入点，继续观察行情...
2018-01-18 03:46:00,,,信息,,,当前EMA交叉数 -75 ，持仓量 0 ，币价 0.150291 ，价格没有下跌到买入点，继续观察行情...
2018-01-18 04:02:00,,,信息,,,当前EMA交叉数 -76 ，持仓量 0 ，币价 0.1505657 ，价格没有下跌到买入点，继续观察行情...
2018-01-18 04:18:00,,,信息,,,当前EMA交叉数 -76 ，持仓量 0 ，币价 0.1488156 ，价格没有下跌到买入点，继续观察行情...
2018-01-18 04:34:00,,,信息,,,当前EMA交叉数 -76 ，持仓量 0 ，币价 0.148497 ，价格没有下跌到买入点，继续观察行情...
2018-01-18 04:53:00,,,信息,,,当前EMA交叉数 -76 ，持仓量 0 ，币价 0.150296 ，价格没有下跌到买入点，继续观察行情...
2018-01-18 05:18:32,,,信息,,,当前EMA交叉数 -77 ，持仓量 0 ，币价 0.153613 ，价格没有下跌到买入点，继续观察行情...
2018-01-18 05:34:00,,,信息,,,当前EMA交叉数 -77 ，持仓量 0 ，币价 0.1527145 ，价格没有下跌到买入点，继续观察行情...
2018-01-18 05:53:00,,,信息,,,当前EMA交叉数 -77 ，持仓量 0 ，币价 0.15504 ，价格没有下跌到买入点，继续观察行情...
2018-01-18 06:10:00,,,信息,,,当前EMA交叉数 -78 ，持仓量 0 ，币价 0.1558083 ，价格没有下跌到买入点，继续观察行情...
2018-01-18 06:27:00,,,信息,,,当前EMA交叉数 -78 ，持仓量 0 ，币价 0.15753 ，价格没有下跌到买入点，继续观察行情...
2018-01-18 06:46:00,,,信息,,,当前EMA交叉数 -78 ，持仓量 0 ，币价 0.155726 ，价格没有下跌到买入点，继续观察行情...
2018-01-18 07:18:32,,,信息,,,当前EMA交叉数 -79 ，持仓量 0 ，币价 0.1525 ，价格没有下跌到买入点，继续观察行情...
2018-01-18 07:34:00,,,信息,,,当前EMA交叉数 -79 ，持仓量 0 ，币价 0.154108 ，价格没有下跌到买入点，继续观察行情...
2018-01-18 07:53:00,,,信息,,,当前EMA交叉数 -79 ，持仓量 0 ，币价 0.157835 ，价格没有下跌到买入点，继续观察行情...
2018-01-18 08:10:00,,,信息,,,当前EMA交叉数 -80 ，持仓量 0 ，币价 0.1560453 ，价格没有下跌到买入点，继续观察行情...
2018-01-18 08:27:00,,,信息,,,当前EMA交叉数 -80 ，持仓量 0 ，币价 0.154069 ，价格没有下跌到买入点，继续观察行情...
2018-01-18 08:59:00,,,信息,,,当前EMA交叉数 -80 ，持仓量 0 ，币价 0.154547 ，价格没有下跌到买入点，继续观察行情...
2018-01-18 09:29:00,,,信息,,,当前EMA交叉数 -81 ，持仓量 0 ，币价 0.155852 ，价格没有下跌到买入点，继续观察行情...
2018-01-18 09:46:00,,,信息,,,当前EMA交叉数 -81 ，持仓量 0 ，币价 0.156636 ，价格没有下跌到买入点，继续观察行情...
2018-01-18 10:02:00,,,信息,,,当前EMA交叉数 -82 ，持仓量 0 ，币价 0.1560052 ，价格没有下跌到买入点，继续观察行情...
2018-01-18 10:18:00,,,信息,,,当前EMA交叉数 -82 ，持仓量 0 ，币价 0.1567736 ，价格没有下跌到买入点，继续观察行情...
2018-01-18 10:34:00,,,信息,,,当前EMA交叉数 -82 ，持仓量 0 ，币价 0.157041 ，价格没有下跌到买入点，继续观察行情...
2018-01-18 10:53:00,,,信息,,,当前EMA交叉数 -82 ，持仓量 0 ，币价 0.1525 ，价格没有下跌到买入点，继续观察行情...
2018-01-18 11:10:00,,,信息,,,当前EMA交叉数 -83 ，持仓量 0 ，币价 0.155906 ，价格没有下跌到买入点，继续观察行情...
2018-01-18 11:27:00,,,信息,,,当前EMA交叉数 -83 ，持仓量 0 ，币价 0.1576575 ，价格没有下跌到买入点，继续观察行情...
2018-01-18 11:46:00,,,信息,,,当前EMA交叉数 -83 ，持仓量 0 ，币价 0.1578166 ，价格没有下跌到买入点，继续观察行情...
2018-01-18 12:02:00,,,信息,,,当前EMA交叉数 -84 ，持仓量 0 ，币价 0.1574232 ，价格没有下跌到买入点，继续观察行情...
2018-01-18 12:18:00,,,信息,,,当前EMA交叉数 -84 ，持仓量 0 ，币价 0.1594752 ，价格没有下跌到买入点，继续观察行情...
2018-01-18 12:48:32,,,信息,,,当前EMA交叉数 -84 ，持仓量 0 ，币价 0.159063 ，价格没有下跌到买入点，继续观察行情...
2018-01-18 13:04:00,,,信息,,,当前EMA交叉数 1 ，持仓量 0 ，币价 0.1600315 ，价格没有上涨到卖出点，继续观察行情...
2018-01-18 13:23:00,,,信息,,,当前EMA交叉数 -85 ，持仓量 0 ，币价 0.158689 ，价格没有下跌到买入点，继续观察行情...
2018-01-18 13:40:00,,,信息,,,当前EMA交叉数 -85 ，持仓量 0 ，币价 0.159207 ，价格没有下跌到买入点，继续观察行情...
2018-01-18 13:57:00,,,信息,,,当前EMA交叉数 1 ，持仓量 0 ，币价 0.1601735 ，价格没有上涨到卖出点，继续观察行情...
2018-01-18 14:16:00,,,信息,,,当前EMA交叉数 2 ，持仓量 0 ，币价 0.1610936 ，价格没有上涨到卖出点，继续观察行情...
2018-01-18 14:32:00,,,信息,,,当前EMA交叉数 2 ，持仓量 0 ，币价 0.1614705 ，价格没有上涨到卖出点，继续观察行情...
2018-01-18 14:48:00,,,信息,,,当前EMA交叉数 2 ，持仓量 0 ，币价 0.1628544 ，价格没有上涨到卖出点，继续观察行情...
2018-01-18 15:04:00,,,信息,,,当前EMA交叉数 3 ，持仓量 0 ，币价 0.162082 ，价格没有上涨到卖出点，继续观察行情...
2018-01-18 15:23:00,,,信息,,,当前EMA交叉数 3 ，持仓量 0 ，币价 0.163364 ，价格没有上涨到卖出点，继续观察行情...
2018-01-18 15:40:00,,,信息,,,当前EMA交叉数 3 ，持仓量 0 ，币价 0.1618583 ，价格没有上涨到卖出点，继续观察行情...
2018-01-18 15:57:00,,,信息,,,当前EMA交叉数 3 ，持仓量 0 ，币价 0.1602645 ，价格没有上涨到卖出点，继续观察行情...
2018-01-18 16:16:00,,,信息,,,当前EMA交叉数 4 ，持仓量 0 ，币价 0.1596553 ，价格没有上涨到卖出点，继续观察行情...
2018-01-18 16:32:00,,,信息,,,当前EMA交叉数 4 ，持仓量 0 ，币价 0.1601025 ，价格没有上涨到卖出点，继续观察行情...
2018-01-18 16:48:00,,,信息,,,当前EMA交叉数 4 ，持仓量 0 ，币价 0.1596348 ，价格没有上涨到卖出点，继续观察行情...
2018-01-18 17:04:00,,,信息,,,当前EMA交叉数 5 ，持仓量 0 ，币价 0.1594495 ，价格没有上涨到卖出点，继续观察行情...
2018-01-18 17:23:00,,,信息,,,当前EMA交叉数 5 ，持仓量 0 ，币价 0.157943 ，价格没有上涨到卖出点，继续观察行情...
2018-01-18 17:41:27,,,信息,,,当前EMA交叉数 5 ，持仓量 0 ，币价 0.157563 ，价格没有上涨到卖出点，继续观察行情...
2018-01-18 17:59:00,,,信息,,,当前EMA交叉数 5 ，持仓量 0 ，币价 0.159028 ，价格没有上涨到卖出点，继续观察行情...
2018-01-18 18:16:00,,,信息,,,当前EMA交叉数 6 ，持仓量 0 ，币价 0.1577923 ，价格没有上涨到卖出点，继续观察行情...
2018-01-18 18:32:00,,,信息,,,当前EMA交叉数 6 ，持仓量 0 ，币价 0.1580787 ，价格没有上涨到卖出点，继续观察行情...
2018-01-18 18:48:00,,,信息,,,当前EMA交叉数 6 ，持仓量 0 ，币价 0.1574496 ，价格没有上涨到卖出点，继续观察行情...
2018-01-18 19:04:00,,,信息,,,当前EMA交叉数 7 ，持仓量 0 ，币价 0.1574105 ，价格没有上涨到卖出点，继续观察行情...
2018-01-18 19:23:00,,,信息,,,当前EMA交叉数 7 ，持仓量 0 ，币价 0.156588 ，价格没有上涨到卖出点，继续观察行情...
2018-01-18 19:40:00,,,信息,,,当前EMA交叉数 7 ，持仓量 0 ，币价 0.1568173 ，价格没有上涨到卖出点，继续观察行情...
2018-01-18 19:57:00,,,信息,,,当前EMA交叉数 7 ，持仓量 0 ，币价 0.157171 ，价格没有上涨到卖出点，继续观察行情...
2018-01-18 20:16:00,,,信息,,,当前EMA交叉数 8 ，持仓量 0 ，币价 0.15667 ，价格没有上涨到卖出点，继续观察行情...
2018-01-18 20:32:00,,,信息,,,当前EMA交叉数 8 ，持仓量 0 ，币价 0.1569182 ，价格没有上涨到卖出点，继续观察行情...
2018-01-18 20:48:00,,,信息,,,当前EMA交叉数 8 ，持仓量 0 ，币价 0.157855 ，价格没有上涨到卖出点，继续观察行情...
2018-01-18 21:18:32,,,信息,,,当前EMA交叉数 9 ，持仓量 0 ，币价 0.156912 ，价格没有上涨到卖出点，继续观察行情...
2018-01-18 21:34:00,,,信息,,,当前EMA交叉数 9 ，持仓量 0 ，币价 0.157308 ，价格没有上涨到卖出点，继续观察行情...
2018-01-18 21:53:00,,,信息,,,当前EMA交叉数 9 ，持仓量 0 ，币价 0.158421 ，价格没有上涨到卖出点，继续观察行情...
2018-01-18 22:10:00,,,信息,,,当前EMA交叉数 10 ，持仓量 0 ，币价 0.1576066 ，价格没有上涨到卖出点，继续观察行情...
2018-01-18 22:27:00,,,信息,,,当前EMA交叉数 10 ，持仓量 0 ，币价 0.1570465 ，价格没有上涨到卖出点，继续观察行情...
2018-01-18 22:46:00,,,信息,,,当前EMA交叉数 10 ，持仓量 0 ，币价 0.1572666 ，价格没有上涨到卖出点，继续观察行情...
2018-01-18 23:02:00,,,信息,,,当前EMA交叉数 11 ，持仓量 0 ，币价 0.156584 ，价格没有上涨到卖出点，继续观察行情...
2018-01-18 23:18:00,,,信息,,,当前EMA交叉数 11 ，持仓量 0 ，币价 0.1573404 ，价格没有上涨到卖出点，继续观察行情...
2018-01-18 23:48:32,,,信息,,,当前EMA交叉数 11 ，持仓量 0 ，币价 0.156739 ，价格没有上涨到卖出点，继续观察行情...
2018-01-19 00:04:00,,,信息,,,当前EMA交叉数 12 ，持仓量 0 ，币价 0.1572185 ，价格没有上涨到卖出点，继续观察行情...
2018-01-19 00:23:00,,,信息,,,当前EMA交叉数 12 ，持仓量 0 ，币价 0.158556 ，价格没有上涨到卖出点，继续观察行情...
2018-01-19 00:40:00,,,信息,,,当前EMA交叉数 12 ，持仓量 0 ，币价 0.1574353 ，价格没有上涨到卖出点，继续观察行情...
2018-01-19 00:57:00,,,信息,,,当前EMA交叉数 12 ，持仓量 0 ，币价 0.157926 ，价格没有上涨到卖出点，继续观察行情...
2018-01-19 01:18:32,,,信息,,,当前EMA交叉数 13 ，持仓量 0 ，币价 0.156775 ，价格没有上涨到卖出点，继续观察行情...
2018-01-19 01:41:27,,,信息,,,当前EMA交叉数 13 ，持仓量 0 ，币价 0.157154 ，价格没有上涨到卖出点，继续观察行情...
2018-01-19 01:59:00,,,信息,,,当前EMA交叉数 13 ，持仓量 0 ，币价 0.158919 ，价格没有上涨到卖出点，继续观察行情...
2018-01-19 02:16:00,,,信息,,,当前EMA交叉数 14 ，持仓量 0 ，币价 0.159638 ，价格没有上涨到卖出点，继续观察行情...
2018-01-19 02:32:00,,,信息,,,当前EMA交叉数 14 ，持仓量 0 ，币价 0.159107 ，价格没有上涨到卖出点，继续观察行情...
2018-01-19 02:48:00,,,信息,,,当前EMA交叉数 14 ，持仓量 0 ，币价 0.1583764 ，价格没有上涨到卖出点，继续观察行情...
2018-01-19 03:04:00,,,信息,,,当前EMA交叉数 15 ，持仓量 0 ，币价 0.1579255 ，价格没有上涨到卖出点，继续观察行情...
2018-01-19 03:23:00,,,信息,,,当前EMA交叉数 15 ，持仓量 0 ，币价 0.159558 ，价格没有上涨到卖出点，继续观察行情...
2018-01-19 03:48:32,,,信息,,,当前EMA交叉数 15 ，持仓量 0 ，币价 0.157529 ，价格没有上涨到卖出点，继续观察行情...
2018-01-19 04:04:00,,,信息,,,当前EMA交叉数 16 ，持仓量 0 ，币价 0.157489 ，价格没有上涨到卖出点，继续观察行情...
2018-01-19 04:23:00,,,信息,,,当前EMA交叉数 16 ，持仓量 0 ，币价 0.15805 ，价格没有上涨到卖出点，继续观察行情...
2018-01-19 04:40:00,,,信息,,,当前EMA交叉数 16 ，持仓量 0 ，币价 0.157521 ，价格没有上涨到卖出点，继续观察行情...
2018-01-19 04:57:00,,,信息,,,当前EMA交叉数 16 ，持仓量 0 ，币价 0.157245 ，价格没有上涨到卖出点，继续观察行情...
2018-01-19 05:16:00,,,信息,,,当前EMA交叉数 17 ，持仓量 0 ，币价 0.1571163 ，价格没有上涨到卖出点，继续观察行情...
2018-01-19 05:41:27,,,信息,,,当前EMA交叉数 -1 ，持仓量 0 ，币价 0.156775 ，价格没有下跌到买入点，继续观察行情...
2018-01-19 05:59:00,,,信息,,,当前EMA交叉数 17 ，持仓量 0 ，币价 0.157796 ，价格没有上涨到卖出点，继续观察行情...
2018-01-19 06:16:00,,,信息,,,当前EMA交叉数 -1 ，持仓量 0 ，币价 0.1562496 ，价格没有下跌到买入点，继续观察行情...
2018-01-19 06:32:00,,,信息,,,当前EMA交叉数 -1 ，持仓量 0 ，币价 0.155799 ，价格没有下跌到买入点，继续观察行情...
2018-01-19 06:48:00,,,信息,,,当前EMA交叉数 -1 ，持仓量 0 ，币价 0.1548602 ，价格没有下跌到买入点，继续观察行情...
2018-01-19 07:04:00,,,信息,,,当前EMA交叉数 -2 ，持仓量 0 ，币价 0.154937 ，价格没有下跌到买入点，继续观察行情...
2018-01-19 07:23:00,,,信息,,,当前EMA交叉数 -2 ，持仓量 0 ，币价 0.152953 ，价格没有下跌到买入点，继续观察行情...
2018-01-19 07:40:00,,,信息,,,当前EMA交叉数 -2 ，持仓量 0 ，币价 0.1533823 ，价格没有下跌到买入点，继续观察行情...
2018-01-19 07:57:00,,,信息,,,当前EMA交叉数 -2 ，持仓量 0 ，币价 0.1528085 ，价格没有下跌到买入点，继续观察行情...
2018-01-19 08:16:00,,,信息,,,当前EMA交叉数 -3 ，持仓量 0 ，币价 0.154032 ，价格没有下跌到买入点，继续观察行情...
2018-01-19 08:48:32,,,信息,,,当前EMA交叉数 -3 ，持仓量 0 ，币价 0.156 ，价格没有下跌到买入点，继续观察行情...
2018-01-19 09:04:00,,,信息,,,当前EMA交叉数 -4 ，持仓量 0 ，币价 0.1555395 ，价格没有下跌到买入点，继续观察行情...
2018-01-19 09:23:00,,,信息,,,当前EMA交叉数 -4 ，持仓量 0 ，币价 0.157052 ，价格没有下跌到买入点，继续观察行情...
2018-01-19 09:48:32,,,信息,,,当前EMA交叉数 1 ，持仓量 0 ，币价 0.164683 ，价格没有上涨到卖出点，继续观察行情...
2018-01-19 10:11:27,,,信息,,,当前EMA交叉数 1 ，持仓量 0 ，币价 0.160855 ，价格没有上涨到卖出点，继续观察行情...
2018-01-19 10:29:00,,,信息,,,当前EMA交叉数 -5 ，持仓量 0 ，币价 0.158 ，价格没有下跌到买入点，继续观察行情...
2018-01-19 10:46:00,,,信息,,,当前EMA交叉数 -5 ，持仓量 0 ，币价 0.1575483 ，价格没有下跌到买入点，继续观察行情...
